<?xml version="1.0" encoding="UTF-8"?>
<!DOCTYPE Employee SYSTEM "student.dtd">
<?xml-stylesheet type="text/xsl" href="student.xsl"?>
<Student>
    <Details>
        <Name>Omkar G</Name>
        <Age>20</Age>
        <Address>Latur</Address>
        <RollNo>31126</RollNo>
    </Details>
    <Details>
        <Name>Vimal G</Name>
        <Age>21</Age>
        <Address>Jalgaon</Address>
        <RollNo>31127</RollNo>
    </Details>
    <Details>
        <Name>Gayatri G</Name>
        <Age>21</Age>
        <Address>Pune</Address>
        <RollNo>31128</RollNo>
    </Details>
</Student>
